{
  "uuid": "20c00eb1-434e-4887-b4ce-6fb2265b2cb7",
  "starterPrompted": true,
  "starterLocked": false,
  "starterSelected": true,
  "starterUUID": "5980384f-4de9-4a44-a3d3-1dfc7c017475",
  "keyItems": [],
  "battleTheme": "cobblemon:battle.pvp.default",
  "extraData": {},
  "advancementData": {
    "totalCaptureCount": 0,
    "totalEggsHatched": 0,
    "totalEvolvedCount": 0,
    "totalBattleVictoryCount": 4,
    "totalPvPBattleVictoryCount": 0,
    "totalPvWBattleVictoryCount": 4,
    "totalPvNBattleVictoryCount": 0,
    "totalShinyCaptureCount": 0,
    "totalTradedCount": 0,
    "totalTypeCaptureCounts": {},
    "totalDefeatedCounts": {
      "cobblemon:rattata": 1,
      "cobblemon:patrat": 1,
      "cobblemon:bunnelby": 1,
      "cobblemon:mareep": 1
    },
    "aspectsCollected": {}
  }
}