{"stats":{"minecraft:used":{"minecraft:spyglass":34,"minecraft:rabbit":1},"minecraft:custom":{"minecraft:time_since_rest":244509,"minecraft:crouch_one_cm":551,"minecraft:leave_game":13,"minecraft:play_time":244509,"minecraft:sprint_one_cm":35578,"minecraft:time_since_death":244509,"minecraft:walk_one_cm":103986,"minecraft:sneak_time":245,"minecraft:total_world_time":244509,"minecraft:drop":3,"minecraft:fly_one_cm":430567,"minecraft:jump":247},"minecraft:dropped":{"cobblemon:cheri_berry":2,"minecraft:rabbit":1},"minecraft:picked_up":{"cobblemon:cheri_berry":7,"minecraft:rabbit":1}},"DataVersion":3465}