{"stats":{"minecraft:picked_up":{"cobblemon:cheri_berry":7,"minecraft:rabbit":1},"minecraft:custom":{"minecraft:jump":129,"minecraft:time_since_rest":74886,"minecraft:crouch_one_cm":329,"minecraft:leave_game":7,"minecraft:play_time":74886,"minecraft:sprint_one_cm":31452,"minecraft:time_since_death":74886,"minecraft:walk_one_cm":50280,"minecraft:sneak_time":111,"minecraft:total_world_time":74886,"minecraft:drop":3,"minecraft:fly_one_cm":241746},"minecraft:dropped":{"minecraft:rabbit":1,"cobblemon:cheri_berry":2},"minecraft:used":{"minecraft:spyglass":34,"minecraft:rabbit":1}},"DataVersion":3465}