{"stats":{"minecraft:picked_up":{"cobblemon:cheri_berry":7,"minecraft:rabbit":1},"minecraft:custom":{"minecraft:time_since_rest":190183,"minecraft:crouch_one_cm":329,"minecraft:leave_game":9,"minecraft:play_time":190183,"minecraft:sprint_one_cm":34660,"minecraft:time_since_death":190183,"minecraft:walk_one_cm":78548,"minecraft:sneak_time":136,"minecraft:total_world_time":190183,"minecraft:drop":3,"minecraft:fly_one_cm":265046,"minecraft:jump":222},"minecraft:dropped":{"cobblemon:cheri_berry":2,"minecraft:rabbit":1},"minecraft:used":{"minecraft:spyglass":34,"minecraft:rabbit":1}},"DataVersion":3465}