{"stats":{"minecraft:mined":{"minecraft:birch_log":3,"minecraft:snow_block":4,"minecraft:spruce_log":5,"minecraft:andesite":8,"minecraft:birch_leaves":46,"minecraft:blue_stained_glass":4,"minecraft:deepslate_lapis_ore":2,"minecraft:oak_log":26,"minecraft:vine":2,"minecraft:dirt":4,"minecraft:spruce_leaves":97,"minecraft:stone":40,"minecraft:diorite":57,"minecraft:oak_leaves":241,"minecraft:deepslate":22},"minecraft:dropped":{"minecraft:vine":1,"minecraft:oak_log":6,"minecraft:rabbit":1,"minecraft:oak_sapling":2,"cobblemon:cheri_berry":7,"minecraft:grass_block":1,"minecraft:blue_stained_glass":1},"minecraft:custom":{"minecraft:time_since_rest":30751,"minecraft:sprint_one_cm":53996,"minecraft:damage_taken":1700,"minecraft:walk_one_cm":149457,"minecraft:drop":17,"minecraft:swim_one_cm":24417,"minecraft:fly_one_cm":802351,"minecraft:crouch_one_cm":1304,"minecraft:play_time":328791,"minecraft:deaths":1,"minecraft:sneak_time":773,"minecraft:walk_under_water_one_cm":4803,"minecraft:jump":361,"minecraft:leave_game":20,"minecraft:walk_on_water_one_cm":4144,"minecraft:time_since_death":30726,"minecraft:total_world_time":328791,"minecraft:fall_one_cm":17239},"minecraft:picked_up":{"minecraft:stick":2,"cobblemon:cheri_berry":7,"minecraft:oak_log":5,"minecraft:spruce_sapling":1,"minecraft:dirt":4,"minecraft:rabbit":1,"minecraft:oak_sapling":2,"minecraft:snowball":16,"minecraft:cobblestone":17},"minecraft:used":{"minecraft:oak_log":17,"minecraft:lime_banner":1,"minecraft:rabbit":1,"minecraft:grass_block":1,"minecraft:soul_campfire":1,"minecraft:spyglass":34,"minecraft:vine":3,"minecraft:blue_stained_glass":17,"minecraft:red_banner":1,"minecraft:campfire":1}},"DataVersion":3465}