{"stats":{"minecraft:picked_up":{"cobblemon:cheri_berry":7,"minecraft:rabbit":1},"minecraft:custom":{"minecraft:time_since_rest":176968,"minecraft:crouch_one_cm":329,"minecraft:leave_game":8,"minecraft:play_time":176968,"minecraft:sprint_one_cm":31452,"minecraft:time_since_death":176968,"minecraft:walk_one_cm":59799,"minecraft:sneak_time":136,"minecraft:total_world_time":176968,"minecraft:drop":3,"minecraft:fly_one_cm":241746,"minecraft:jump":202},"minecraft:dropped":{"cobblemon:cheri_berry":2,"minecraft:rabbit":1},"minecraft:used":{"minecraft:spyglass":34,"minecraft:rabbit":1}},"DataVersion":3465}