{"stats":{"minecraft:picked_up":{"cobblemon:cheri_berry":7,"minecraft:rabbit":1},"minecraft:custom":{"minecraft:jump":132,"minecraft:time_since_rest":167109,"minecraft:crouch_one_cm":329,"minecraft:leave_game":8,"minecraft:play_time":167109,"minecraft:sprint_one_cm":31452,"minecraft:time_since_death":167109,"minecraft:walk_one_cm":50977,"minecraft:sneak_time":136,"minecraft:total_world_time":167109,"minecraft:drop":3,"minecraft:fly_one_cm":241746},"minecraft:dropped":{"minecraft:rabbit":1,"cobblemon:cheri_berry":2},"minecraft:used":{"minecraft:spyglass":34,"minecraft:rabbit":1}},"DataVersion":3465}