{"stats":{"minecraft:picked_up":{"cobblemon:cheri_berry":7,"minecraft:rabbit":1},"minecraft:custom":{"minecraft:jump":130,"minecraft:time_since_rest":134886,"minecraft:crouch_one_cm":329,"minecraft:leave_game":7,"minecraft:play_time":134886,"minecraft:sprint_one_cm":31452,"minecraft:time_since_death":134886,"minecraft:walk_one_cm":50365,"minecraft:sneak_time":136,"minecraft:total_world_time":134886,"minecraft:drop":3,"minecraft:fly_one_cm":241746},"minecraft:dropped":{"minecraft:rabbit":1,"cobblemon:cheri_berry":2},"minecraft:used":{"minecraft:spyglass":34,"minecraft:rabbit":1}},"DataVersion":3465}