{"stats":{"minecraft:used":{"minecraft:soul_lantern":1,"minecraft:torch":1,"minecraft:beacon":1,"minecraft:lantern":2,"minecraft:red_stained_glass":12},"minecraft:custom":{"minecraft:jump":172,"minecraft:time_since_rest":34723,"minecraft:crouch_one_cm":331,"minecraft:leave_game":5,"minecraft:play_time":34723,"minecraft:sprint_one_cm":10174,"minecraft:time_since_death":34723,"minecraft:walk_one_cm":55155,"minecraft:sneak_time":131,"minecraft:total_world_time":34723,"minecraft:fall_one_cm":627,"minecraft:fly_one_cm":85777}},"DataVersion":3465}