{"stats":{"minecraft:picked_up":{"minecraft:birch_log":1,"minecraft:stick":10,"minecraft:cobbled_deepslate":7,"minecraft:oak_log":22,"minecraft:oak_sapling":9,"minecraft:birch_sapling":1},"minecraft:mined":{"minecraft:oak_log":2,"minecraft:vine":2,"minecraft:blue_stained_glass":12,"minecraft:deepslate":103},"minecraft:used":{"minecraft:purple_banner":3,"minecraft:soul_lantern":1,"minecraft:torch":4,"minecraft:vine":27,"minecraft:tall_grass":2,"minecraft:blue_stained_glass":13,"minecraft:lantern":2,"minecraft:red_stained_glass":12,"minecraft:bone_meal":1,"minecraft:beacon":1,"minecraft:grass":7},"minecraft:custom":{"minecraft:time_since_rest":56824,"minecraft:crouch_one_cm":402,"minecraft:sprint_one_cm":10976,"minecraft:play_time":56824,"minecraft:walk_one_cm":121756,"minecraft:sneak_time":281,"minecraft:jump":279,"minecraft:leave_game":6,"minecraft:time_since_death":56824,"minecraft:climb_one_cm":604,"minecraft:total_world_time":56824,"minecraft:fly_one_cm":213775,"minecraft:fall_one_cm":627}},"DataVersion":3465}